City_ID,City,Country,Lat,Lng,Max Temp,Humidity,Cloudiness,Wind Speed,Current Description
0,Geraldton,AU,-28.77,114.6,64.4,93,0,5.82,clear sky
1,Saint George,US,37.1,-113.58,75.0,20,1,1.77,clear sky
2,Punta Arenas,CL,-53.15,-70.92,55.4,62,75,28.86,broken clouds
3,Hamilton,US,39.18,-84.53,50.0,49,75,6.93,broken clouds
4,Linqiong,CN,30.42,103.46,62.01,93,40,4.47,scattered clouds
5,Takhtamygda,RU,54.1,123.57,17.82,95,100,4.59,overcast clouds
6,Busselton,AU,-33.65,115.33,60.01,61,0,4.07,clear sky
7,Barrow,US,71.29,-156.79,21.2,85,90,13.87,light snow
8,Hilo,US,19.73,-155.09,82.99,74,20,4.7,few clouds
9,Port Alfred,ZA,-33.59,26.89,58.98,63,66,1.77,broken clouds
10,Novikovo,RU,51.15,37.89,48.25,95,100,5.91,light rain
11,Tucuman,AR,-26.82,-65.22,78.8,21,0,8.05,clear sky
12,Dikson,RU,73.51,80.55,13.06,96,100,28.81,light snow
13,Bredasdorp,ZA,-34.53,20.04,48.2,70,0,3.36,clear sky
14,Angoche,MZ,-16.23,39.91,77.74,75,1,6.89,clear sky
15,Vaini,TO,-21.2,-175.2,71.6,83,75,11.41,broken clouds
16,Harnai,PK,30.1,67.94,59.83,29,0,4.18,clear sky
17,Dakar,SN,14.69,-17.44,84.2,66,0,16.11,clear sky
18,Arraial Do Cabo,BR,-22.97,-42.03,75.2,88,75,8.05,broken clouds
19,Saint Anthony,US,45.02,-93.22,46.0,39,1,9.17,clear sky
20,Hermanus,ZA,-34.42,19.23,48.99,85,0,11.41,clear sky
21,Aguililla,MX,18.73,-102.73,77.16,71,83,2.48,light rain
22,Ushuaia,AR,-54.8,-68.3,48.2,70,75,23.04,broken clouds
23,Tapes,BR,-30.67,-51.4,65.08,68,41,12.17,scattered clouds
24,Port-Gentil,GA,-0.72,8.78,80.6,83,40,4.7,scattered clouds
25,Preobrazheniye,RU,42.9,133.91,43.0,69,0,6.29,clear sky
26,Ayan,RU,56.45,138.17,27.99,87,99,4.21,overcast clouds
27,Rikitea,PF,-23.12,-134.97,75.85,68,0,7.85,clear sky
28,Hobart,AU,-42.88,147.33,46.99,93,20,4.7,few clouds
29,Kapaa,US,22.08,-159.32,80.01,73,20,5.82,few clouds
30,Kruisfontein,ZA,-34.0,24.73,51.01,87,0,1.99,clear sky
31,Agadir,MA,30.42,-9.6,77.0,27,0,6.93,clear sky
32,New Norfolk,AU,-42.78,147.06,46.0,77,1,2.62,clear sky
33,Keti Bandar,PK,24.14,67.45,79.2,61,0,8.93,clear sky
34,Castro,BR,-24.79,-50.01,55.42,93,100,11.1,overcast clouds
35,Port Blair,IN,11.67,92.75,80.44,83,100,12.1,moderate rain
36,East London,ZA,-33.02,27.91,62.31,67,100,1.28,overcast clouds
37,Kodiak,US,57.79,-152.41,33.8,69,90,10.29,light snow
38,Qaanaaq,GL,77.48,-69.36,14.02,83,99,5.79,overcast clouds
39,Mar Del Plata,AR,-38.0,-57.56,60.8,63,0,9.17,clear sky
40,Marsh Harbour,BS,26.54,-77.06,82.6,74,1,9.44,clear sky
41,Meulaboh,ID,4.14,96.13,76.51,87,99,4.59,light rain
42,Kaspiyskiy,RU,45.39,47.37,53.44,87,27,8.3,scattered clouds
43,San Patricio,US,28.02,-97.52,73.0,40,20,9.17,few clouds
44,Alice Springs,AU,-23.7,133.88,53.6,32,3,1.12,clear sky
45,Bathsheba,BB,13.22,-59.52,77.0,88,90,26.4,overcast clouds
46,Coahuayana,MX,18.73,-103.68,82.4,65,75,5.3,broken clouds
47,Nanortalik,GL,60.14,-45.24,28.65,92,98,6.02,overcast clouds
48,Krasnoselkup,RU,65.7,82.47,9.18,95,95,12.55,overcast clouds
49,Jamestown,US,42.1,-79.24,37.0,95,90,11.41,mist
50,Bundibugyo,UG,0.74,30.04,65.62,85,94,1.97,overcast clouds
51,Ponta Do Sol,PT,32.67,-17.1,69.8,77,20,16.11,few clouds
52,Hithadhoo,MV,-0.6,73.08,82.94,76,83,9.98,broken clouds
53,Mataura,NZ,-46.19,168.86,55.0,98,100,8.01,moderate rain
54,Chapais,CA,49.78,-74.85,17.6,78,75,2.24,broken clouds
55,Tasiilaq,GL,65.61,-37.64,32.0,98,75,4.7,light shower snow
56,Lata,PT,40.16,-8.33,63.0,82,0,1.12,clear sky
57,Codrington,AU,-38.27,141.97,51.1,92,5,9.33,clear sky
58,Cape Town,ZA,-33.93,18.42,59.0,67,0,19.46,clear sky
59,Gainesville,US,29.65,-82.32,73.0,49,1,4.7,clear sky
60,Betioky,MG,-23.72,44.38,75.52,43,0,12.82,clear sky
61,Flinders,AU,-34.58,150.86,64.99,93,100,4.0,light rain
62,Te Horo,NZ,-40.81,175.12,63.0,92,100,5.01,light rain
63,Sadiqabad,PK,28.31,70.13,69.42,24,0,3.31,clear sky
64,Carnarvon,AU,-24.87,113.63,71.6,83,90,5.82,overcast clouds
65,Souillac,MU,-20.52,57.52,68.0,64,40,11.41,scattered clouds
66,Songjianghe,CN,42.19,127.48,31.73,84,95,5.88,overcast clouds
67,Bethel,US,41.37,-73.41,37.4,86,90,10.29,overcast clouds
68,Jurm,AF,36.86,70.83,39.04,49,0,3.6,clear sky
69,Mayumba,GA,-3.43,10.66,76.48,89,100,4.0,light rain
70,Mezen,RU,65.85,44.24,33.87,91,96,9.42,overcast clouds
71,Yabelo,ET,4.88,38.08,59.52,94,100,6.31,overcast clouds
72,Varberg,SE,57.11,12.25,46.99,94,100,11.01,light rain
73,Klaksvik,FO,62.23,-6.59,46.4,81,1,20.8,clear sky
74,Sinnamary,GF,5.38,-52.95,84.65,73,51,13.73,broken clouds
75,Butaritari,KI,3.07,172.79,81.28,80,83,19.19,moderate rain
76,Lamu,KE,-2.27,40.9,77.94,82,0,10.69,light rain
77,Bandarbeyla,SO,9.49,50.81,78.49,83,0,13.47,clear sky
78,Cabo San Lucas,MX,22.89,-109.91,87.8,61,40,9.17,scattered clouds
79,Bonthe,SL,7.53,-12.51,80.02,85,68,7.96,broken clouds
80,Kahului,US,20.89,-156.47,78.8,74,40,14.99,scattered clouds
81,Komsomolskiy,UZ,40.43,71.72,41.0,44,0,4.7,clear sky
82,Camacha,PT,33.08,-16.33,69.8,73,40,6.93,scattered clouds
83,Tiksi,RU,71.69,128.87,9.41,95,100,5.26,overcast clouds
84,Saint-Georges,GD,12.06,-61.75,87.8,74,40,23.04,scattered clouds
85,Grindavik,IS,63.84,-22.43,41.0,80,75,16.11,broken clouds
86,Moen,NO,69.13,18.61,21.99,92,0,14.99,clear sky
87,Leningradskiy,RU,69.38,178.42,18.01,93,44,20.94,scattered clouds
88,Norman Wells,CA,65.28,-126.83,12.2,92,75,2.24,broken clouds
89,Huanren,CN,41.26,125.37,38.35,72,100,4.47,overcast clouds
90,Isangel,VU,-19.55,169.27,76.91,76,50,13.98,light rain
91,Puerto Ayora,EC,-0.74,-90.35,82.4,61,20,6.93,few clouds
92,Kieta,PG,-6.22,155.63,78.3,81,94,4.43,overcast clouds
93,Ngara,TZ,-2.51,30.66,58.46,100,92,2.19,overcast clouds
94,Albany,US,42.6,-73.97,36.0,92,74,6.04,broken clouds
95,Hualmay,PE,-11.1,-77.61,67.5,71,98,8.01,overcast clouds
96,Mahebourg,MU,-20.41,57.7,69.8,52,75,20.8,broken clouds
97,Sibiti,CG,-3.68,13.35,70.39,97,100,1.07,overcast clouds
98,Rocha,UY,-34.48,-54.33,56.46,65,100,8.05,overcast clouds
99,Dunedin,NZ,-45.87,170.5,61.0,67,100,1.99,light rain
100,Natal,BR,-5.79,-35.21,82.4,69,75,14.99,broken clouds
101,Slantsy,RU,59.12,28.09,45.54,95,80,4.16,broken clouds
102,Ribeira Grande,PT,38.52,-28.7,69.8,94,75,20.8,broken clouds
103,Bilibino,RU,68.05,166.44,4.51,88,100,1.74,overcast clouds
104,Samoded,RU,63.61,40.51,36.43,84,98,6.55,light rain
105,Milkovo,RU,54.72,158.62,29.66,97,95,2.44,overcast clouds
106,Saldanha,ZA,-33.01,17.94,57.2,67,0,14.99,clear sky
107,Saint-Philippe,RE,-21.36,55.77,68.0,60,29,10.29,light rain
108,Kalmunai,LK,7.42,81.82,79.79,81,94,4.92,heavy intensity rain
109,Japura,ID,-0.32,102.35,74.03,92,100,1.16,overcast clouds
110,Bambous Virieux,MU,-20.34,57.76,68.0,64,40,11.41,scattered clouds
111,Tazovskiy,RU,67.47,78.7,13.28,96,96,14.29,overcast clouds
112,Aden,YE,12.78,45.04,82.54,79,0,15.28,clear sky
113,Jalingo,NG,8.88,11.37,80.4,41,74,3.24,broken clouds
114,Saskylakh,RU,71.92,114.08,-1.98,84,0,6.11,clear sky
115,Tuatapere,NZ,-46.13,167.68,54.0,98,100,11.01,light rain
116,Varkkallai,IN,8.73,76.71,82.4,78,40,3.06,mist
117,Namatanai,PG,-3.67,152.43,80.1,75,25,2.86,scattered clouds
118,Mandera,KE,3.94,41.87,83.34,60,100,7.49,overcast clouds
119,Severo-Kurilsk,RU,50.68,156.12,42.26,90,100,31.09,moderate rain
120,Kochevo,RU,59.6,54.31,34.18,90,100,8.23,overcast clouds
121,Bonga,ET,7.28,36.23,59.61,90,100,1.39,overcast clouds
122,Chuy,UY,-33.7,-53.46,59.23,73,43,10.47,scattered clouds
123,Markova,UA,48.68,24.41,39.92,80,80,4.52,broken clouds
124,Sawakin,SD,19.11,37.33,84.9,63,0,4.34,clear sky
125,Ola,RU,59.58,151.28,30.52,93,100,11.59,overcast clouds
126,Vanavara,RU,60.34,102.28,7.65,95,90,2.3,overcast clouds
127,Bubaque,GW,11.28,-15.83,84.9,69,85,9.31,overcast clouds
128,Casablanca,MA,33.59,-7.62,68.0,88,90,3.36,mist
129,Midland,US,32.0,-102.08,68.0,25,1,6.93,clear sky
130,Goderich,CA,43.75,-81.72,35.6,74,96,12.75,overcast clouds
131,Dolores,AR,-36.31,-57.68,63.97,47,0,4.72,clear sky
132,Alofi,NU,-19.06,-169.92,73.4,88,90,14.99,light intensity shower rain
133,Kungurtug,RU,50.6,97.52,22.1,88,94,4.56,overcast clouds
134,Nikolskoye,RU,59.7,30.79,46.99,100,90,2.24,fog
135,Bluff,NZ,-46.6,168.33,55.0,98,100,8.01,light rain
136,Port Elizabeth,ZA,-33.92,25.57,50.0,81,0,5.82,clear sky
137,Moron,AR,-34.65,-58.62,69.01,39,0,4.7,clear sky
138,Hofn,IS,64.25,-15.21,39.2,86,90,3.36,light intensity drizzle
139,Aklavik,CA,68.22,-135.01,3.2,91,75,8.05,broken clouds
140,Padang,ID,-0.95,100.35,77.94,78,100,4.07,overcast clouds
141,Touros,BR,-5.2,-35.46,84.2,66,20,16.11,few clouds
142,Sao Joao Da Barra,BR,-21.64,-41.05,75.2,94,75,11.41,broken clouds
143,Sulina,RO,45.16,29.65,55.92,78,100,13.8,overcast clouds
144,Zyukayka,RU,58.2,54.7,33.91,91,100,7.63,light rain
145,Beringovskiy,RU,63.05,179.32,25.02,83,24,9.55,few clouds
146,Upernavik,GL,72.79,-56.15,20.77,95,95,2.91,overcast clouds
147,Namtsy,RU,62.72,129.67,-22.0,74,20,2.24,few clouds
148,Douentza,ML,15.0,-2.95,84.56,14,0,5.59,clear sky
149,Belaya Gora,RU,68.53,146.42,5.47,95,100,5.19,overcast clouds
150,Aitape,PG,-3.14,142.35,77.47,83,100,6.08,moderate rain
151,Cidreira,BR,-30.18,-50.21,65.35,63,62,8.75,broken clouds
152,Lebu,CL,-37.62,-73.65,58.39,69,0,12.55,clear sky
153,Yellowknife,CA,62.46,-114.35,19.4,85,75,9.17,broken clouds
154,Aasiaat,GL,68.71,-52.87,18.86,96,100,3.76,overcast clouds
155,Simpang Empat,MY,4.95,100.63,80.6,88,20,2.82,few clouds
156,Xining,CN,36.62,101.77,33.64,86,94,0.47,overcast clouds
157,Kanakapura,IN,12.55,77.42,67.1,75,24,1.86,few clouds
158,Lebyazhye,RU,55.27,66.49,30.11,95,94,8.05,overcast clouds
159,Chumikan,RU,54.72,135.31,33.26,91,95,7.81,overcast clouds
160,Straubing,DE,48.88,12.57,52.0,10,100,7.16,overcast clouds
161,Biloela,AU,-24.42,150.5,69.75,87,30,11.88,scattered clouds
162,Avarua,CK,-21.21,-159.78,75.2,78,98,11.41,overcast clouds
163,Abomey,BJ,7.18,1.99,76.41,89,95,5.37,overcast clouds
164,Bridlington,GB,54.08,-0.19,48.2,93,100,4.7,overcast clouds
165,Ostrovnoy,RU,68.05,39.51,34.86,87,95,19.84,overcast clouds
166,Cabra,ES,37.47,-4.44,64.0,72,0,3.36,clear sky
167,Fort Morgan,US,40.25,-103.8,64.4,26,1,4.7,clear sky
168,Nome,US,64.5,-165.41,21.99,92,90,3.36,overcast clouds
169,Mandurah,AU,-32.55,115.7,66.99,83,0,2.37,clear sky
170,Atuona,PF,-9.8,-139.03,77.63,73,100,12.28,overcast clouds
171,Hearst,CA,49.68,-83.67,32.0,81,0,9.17,clear sky
172,Andenes,NO,69.31,16.12,33.8,69,0,13.87,clear sky
173,Sola,VU,-13.88,167.55,81.37,78,96,11.79,light rain
174,Zyryanskoye,RU,56.83,86.63,28.44,99,100,0.92,overcast clouds
175,Ancud,CL,-41.87,-73.82,63.0,59,0,8.05,clear sky
176,Bengkulu,ID,-3.8,102.27,75.13,88,72,3.71,moderate rain
177,Tarakan,ID,3.3,117.63,79.5,84,84,2.53,moderate rain
178,Shu,KZ,43.6,73.76,37.0,65,0,5.01,clear sky
179,Belyy Yar,RU,53.6,91.39,35.6,69,40,4.47,scattered clouds
180,Mackenzie,CA,55.3,-123.17,32.0,90,90,8.05,overcast clouds
181,Bay City,US,43.59,-83.89,35.6,51,90,8.05,overcast clouds
182,Lorengau,PG,-2.02,147.27,80.64,76,98,4.05,overcast clouds
183,Feijo,BR,-8.16,-70.35,85.26,70,98,5.68,light rain
184,Sao Filipe,CV,14.9,-24.5,82.17,58,66,15.52,broken clouds
185,Provideniya,RU,64.38,-173.3,23.79,93,98,7.0,overcast clouds
186,Ciro Marina,IT,39.37,17.13,57.2,82,0,4.7,clear sky
187,Joshimath,IN,30.57,79.57,47.68,41,0,2.82,clear sky
188,Skibbereen,IE,51.55,-9.27,50.0,93,75,16.11,light intensity drizzle
189,Auki,SB,-8.77,160.7,77.79,83,100,3.2,overcast clouds
190,Thompson,CA,55.74,-97.86,21.2,62,75,4.7,broken clouds
191,Ixtapa,MX,20.7,-105.2,84.99,66,20,8.05,few clouds
192,Gemena,CD,3.25,19.77,70.92,95,81,2.08,broken clouds
193,Carahue,CL,-38.7,-73.17,75.2,53,0,11.41,clear sky
194,Olafsvik,IS,64.89,-23.71,42.06,74,2,13.82,clear sky
195,Nanakuli,US,21.39,-158.15,84.0,58,1,12.75,clear sky
196,Ivdel,RU,60.69,60.42,29.86,96,64,4.29,broken clouds
197,Sangar,RU,63.92,127.47,-12.32,87,25,2.24,scattered clouds
198,Antequera,ES,37.02,-4.56,64.99,67,0,3.36,clear sky
199,Nantucket,US,41.28,-70.1,43.0,93,90,25.28,moderate rain
200,Huron,US,41.15,-82.55,41.0,70,90,3.0,overcast clouds
201,Bagdarin,RU,54.43,113.6,19.62,93,37,3.74,scattered clouds
202,Sitka,US,57.05,-135.33,39.2,93,90,9.17,overcast clouds
203,Faanui,PF,-16.48,-151.75,79.2,78,0,12.06,clear sky
204,Kusa,RU,55.34,59.44,35.01,79,92,3.11,overcast clouds
205,Vega De Alatorre,MX,20.03,-96.63,76.15,56,17,18.66,few clouds
206,Tessalit,ML,20.2,1.01,80.6,16,39,10.71,scattered clouds
207,Fredericton,CA,45.95,-66.67,35.6,43,1,9.17,clear sky
208,Yar-Sale,RU,66.83,70.83,30.99,98,100,10.78,overcast clouds
209,Stokmarknes,NO,68.56,14.91,37.4,81,0,11.41,clear sky
210,Kudahuvadhoo,MV,2.67,72.89,82.33,76,89,11.03,light rain
211,Mont-Dore,NC,-22.28,166.58,79.0,99,19,7.96,few clouds
212,Awbari,LY,26.59,12.78,64.74,44,0,8.39,clear sky
213,Honningsvag,NO,70.98,25.97,35.6,64,75,8.05,broken clouds
214,Eureka,US,40.8,-124.16,62.01,81,1,6.93,clear sky
215,Kumluca,TR,36.37,30.29,67.33,71,8,4.7,clear sky
216,Husavik,IS,66.04,-17.34,37.4,100,90,6.93,overcast clouds
217,Georgetown,MY,5.41,100.34,80.6,88,20,4.27,few clouds
218,Oblivskaya,RU,48.54,42.5,57.15,86,100,11.23,light rain
219,Siguiri,GN,11.67,-9.5,77.72,32,0,1.41,clear sky
220,Narsaq,GL,60.92,-46.05,28.4,68,40,2.66,scattered clouds
221,Betare Oya,CM,5.6,14.08,70.47,87,26,3.49,scattered clouds
222,South Venice,US,27.05,-82.42,81.0,65,1,14.99,clear sky
223,Sampit,ID,-2.53,112.95,76.59,93,100,1.79,moderate rain
224,Rovaniemi,FI,66.5,25.72,23.0,92,0,5.82,clear sky
225,Clyde River,CA,70.47,-68.59,15.8,85,75,17.22,light snow
226,Port Antonio,JM,18.18,-76.46,86.0,70,40,9.17,scattered clouds
227,Port Shepstone,ZA,-30.74,30.45,63.9,86,100,8.28,moderate rain
228,Margate,GB,51.38,1.39,57.99,91,99,3.0,overcast clouds
229,Kaitangata,NZ,-46.28,169.85,57.99,96,100,1.99,moderate rain
230,Crotone,IT,39.09,17.12,57.2,82,0,4.7,clear sky
231,Bay Roberts,CA,47.6,-53.26,34.0,72,54,3.0,broken clouds
232,Victoria,HK,22.29,114.16,73.99,78,78,15.66,broken clouds
233,Mahibadhoo,MV,3.78,72.97,82.22,75,100,7.67,overcast clouds
234,Khatanga,RU,71.97,102.5,-9.08,84,0,6.42,clear sky
235,Pitsunda,GE,43.16,40.34,62.6,88,0,4.23,clear sky
236,Mount Gambier,AU,-37.83,140.77,51.8,87,90,6.93,overcast clouds
237,Henties Bay,NA,-22.12,14.28,57.0,84,95,6.82,overcast clouds
238,Kuching,MY,1.55,110.33,77.0,94,40,3.36,thunderstorm
239,Goure,NE,13.98,10.27,84.99,21,0,5.99,clear sky
240,Talnakh,RU,69.49,88.4,12.2,78,100,24.61,overcast clouds
241,Waipawa,NZ,-41.41,175.52,64.4,82,100,26.4,light rain
242,Alyangula,AU,-13.85,136.42,60.8,93,75,5.17,broken clouds
243,Esperance,AU,-33.87,121.9,57.2,67,0,17.22,clear sky
244,Itarema,BR,-2.92,-39.92,81.79,68,53,16.4,broken clouds
245,Hay River,CA,60.82,-115.8,21.2,79,100,2.24,overcast clouds
246,Rongcheng,CN,30.63,117.85,56.37,77,88,2.64,light rain
247,Marzuq,YE,14.4,46.47,67.86,66,0,1.48,clear sky
248,Tuy Hoa,VN,13.08,109.3,76.44,90,52,5.19,light rain
249,Broome,US,42.25,-75.83,41.0,64,20,9.17,few clouds
250,Gerash,IR,27.67,54.14,62.6,29,0,2.3,clear sky
251,Shimoda,JP,34.67,138.95,55.13,59,0,13.87,clear sky
252,Banff,CA,51.18,-115.57,48.2,71,93,6.93,overcast clouds
253,Sinnai,IT,39.3,9.2,62.6,93,0,4.7,clear sky
254,Berlevag,NO,70.86,29.09,35.6,64,75,12.75,broken clouds
255,Parana,AR,-31.73,-60.52,72.0,28,100,1.99,overcast clouds
256,Kodinsk,RU,58.69,99.18,11.71,94,72,3.06,broken clouds
257,Vostok,RU,46.49,135.88,23.18,99,28,4.56,scattered clouds
258,Sisimiut,GL,66.94,-53.67,21.67,91,98,6.67,overcast clouds
259,Sur,OM,22.57,59.53,71.96,62,0,2.82,clear sky
260,Durusu,TR,41.31,28.68,55.4,82,75,6.93,broken clouds
261,Ambon,ID,-3.7,128.18,77.0,16,2,8.16,clear sky
262,Oktyabrskoye,RU,43.06,44.74,42.8,93,22,6.71,few clouds
263,Aginskoye,RU,51.1,114.53,28.09,97,100,14.9,snow
264,Calvinia,ZA,-31.47,19.78,61.09,29,44,9.1,scattered clouds
265,Laguna,US,38.42,-121.42,75.0,25,1,6.93,clear sky
266,Javornik,CZ,50.39,17.0,54.0,84,100,1.99,light rain
267,Vardo,NO,70.37,31.11,28.4,86,90,21.92,overcast clouds
268,Oshikango,NA,-17.4,15.88,79.68,38,1,5.66,clear sky
269,Flin Flon,CA,54.77,-101.86,23.0,67,90,11.41,overcast clouds
270,Powell River,CA,49.85,-124.54,53.6,53,20,13.87,few clouds
271,Northam,GB,51.03,-4.22,57.99,99,100,7.0,light rain
272,Chokurdakh,RU,70.63,147.92,7.05,95,100,6.82,overcast clouds
273,Sisophon,KH,13.59,102.97,74.77,95,19,3.98,light rain
274,Oranjemund,NA,-28.55,16.43,58.3,73,86,23.58,overcast clouds
275,Pozo Colorado,PY,-23.49,-58.8,81.23,35,0,9.37,clear sky
276,Manicore,BR,-5.81,-61.3,77.0,94,20,9.17,moderate rain
277,Iqaluit,CA,63.75,-68.51,3.2,71,40,5.82,scattered clouds
278,Nouadhibou,MR,20.93,-17.03,68.0,82,0,16.11,clear sky
279,Porto Novo,BJ,6.5,2.6,82.4,83,40,9.17,scattered clouds
280,Buin,CL,-33.73,-70.75,84.2,20,0,6.93,clear sky
281,Ewo,CG,-0.87,14.82,73.83,88,100,2.3,moderate rain
282,Mayor Pablo Lagerenza,PY,-19.93,-60.77,85.08,28,0,12.71,clear sky
283,Ilulissat,GL,69.22,-51.1,17.6,72,75,3.36,broken clouds
284,Mendi,PG,-6.18,143.65,51.35,98,49,3.4,scattered clouds
285,Shahreza,IR,32.03,51.88,43.68,59,0,2.08,clear sky
286,Westerland,DE,54.91,8.3,55.4,100,100,10.29,light rain
287,Mbandaka,CD,0.05,18.26,73.29,90,96,1.39,overcast clouds
288,Bintulu,MY,3.17,113.03,77.0,94,40,3.36,scattered clouds
289,Alta Floresta,BR,-9.88,-56.09,82.4,78,75,6.93,broken clouds
290,Vestmannaeyjar,IS,63.44,-20.27,46.22,78,99,19.8,light rain
291,Airai,TL,-8.93,125.41,59.67,93,11,2.21,few clouds
292,Lompoc,US,34.64,-120.46,68.0,64,20,10.29,few clouds
293,Rondonopolis,BR,-16.47,-54.64,84.04,67,76,9.95,light rain
294,Ahtopol,BG,42.1,27.95,54.0,76,75,10.29,broken clouds
295,Obo,CF,5.4,26.49,67.86,97,74,1.68,broken clouds
296,Ca Mau,VN,9.18,105.15,75.47,89,33,0.78,scattered clouds
297,Karlstad,SE,59.38,13.5,42.8,100,30,10.29,mist
298,Nagornskiy,RU,58.77,57.55,30.0,87,100,1.99,overcast clouds
299,Minot,US,48.23,-101.3,42.8,75,90,17.22,haze
300,Sioux Lookout,CA,50.1,-91.92,28.4,79,90,9.17,overcast clouds
301,Pisco,PE,-13.7,-76.22,69.8,68,75,11.41,broken clouds
302,Maholi,IN,27.67,80.47,70.02,38,31,5.28,scattered clouds
303,Kangaatsiaq,GL,68.31,-53.46,26.29,93,100,3.2,overcast clouds
304,Lodja,CD,-3.48,23.43,69.35,96,93,0.92,overcast clouds
305,Kushmurun,KZ,52.45,64.63,34.75,84,0,6.76,clear sky
306,Manzhouli,CN,49.6,117.43,30.92,93,100,13.82,light snow
307,Mbour,SN,14.42,-16.96,82.4,61,0,19.46,clear sky
308,Lolodorf,CM,3.23,10.73,71.64,97,24,2.84,few clouds
309,Cangucu,BR,-31.39,-52.68,64.99,68,56,4.0,broken clouds
310,Alexandria,EG,31.22,29.96,75.2,64,40,5.82,scattered clouds
311,Atar,MR,20.52,-13.05,87.78,15,0,9.84,clear sky
312,Coquimbo,CL,-29.95,-71.34,59.0,72,20,13.87,few clouds
313,Stryn,NO,61.9,6.72,48.2,93,75,8.05,broken clouds
314,Kwinana,AU,-32.25,115.77,66.99,77,75,6.93,broken clouds
315,Torbay,CA,47.67,-52.73,34.0,59,75,12.75,broken clouds
316,Lumut,MY,4.23,100.63,78.8,94,20,4.5,few clouds
317,Mehamn,NO,71.04,27.85,35.6,64,75,12.75,broken clouds
318,Tuktoyaktuk,CA,69.45,-133.04,5.0,92,40,8.05,scattered clouds
319,Mount Isa,AU,-20.73,139.5,66.2,29,0,13.87,clear sky
320,Aksu,CN,41.12,80.26,41.52,60,49,2.44,scattered clouds
321,Konibodom,TJ,40.28,70.44,42.8,56,0,2.24,clear sky
322,Leo,BF,11.1,-2.1,82.02,28,91,2.13,overcast clouds
323,Pevek,RU,69.7,170.31,22.17,95,90,7.09,overcast clouds
324,Chara,RU,56.91,118.26,9.91,80,9,1.25,clear sky
325,Cam Ranh,VN,11.92,109.16,80.6,88,40,3.36,scattered clouds
326,Beloha,MG,-25.17,45.05,70.02,54,0,14.41,clear sky
327,Kantunilkin,MX,21.09,-87.45,84.2,74,75,17.22,broken clouds
328,Les Cayes,HT,18.2,-73.75,84.69,67,74,5.1,broken clouds
329,Mattru,SL,7.62,-11.83,75.94,94,93,3.56,overcast clouds
330,Lasa,IT,46.62,10.7,42.8,70,5,4.7,clear sky
331,Okato,NZ,-39.2,173.88,60.01,93,100,14.0,moderate rain
332,Amarpur,IN,25.03,86.9,72.28,58,1,7.25,clear sky
333,Garmsar,IR,35.22,52.34,57.06,37,0,1.54,clear sky
334,Onguday,RU,50.75,86.15,22.35,88,49,2.84,scattered clouds
335,Trelew,AR,-43.25,-65.31,77.23,17,0,10.96,clear sky
336,Umm Lajj,SA,25.02,37.27,77.63,61,0,2.71,clear sky
337,Jeremie,HT,18.65,-74.12,84.15,68,95,2.75,light rain
338,Loukhi,RU,66.08,33.04,29.34,96,0,5.61,clear sky
339,Anadyr,RU,64.75,177.48,3.2,84,20,6.71,few clouds
340,Thinadhoo,MV,0.53,72.93,82.85,75,1,10.94,clear sky
341,Kutno,PL,52.23,19.36,48.0,99,100,3.85,light rain
342,Buchanan,LR,5.88,-10.05,80.6,83,75,4.7,broken clouds
343,Mankono,CI,8.06,-6.19,78.44,62,26,0.92,scattered clouds
344,Broken Hill,AU,-31.95,141.43,51.8,87,66,18.34,broken clouds
345,Kargasok,RU,59.06,80.86,25.68,99,100,2.8,light snow
346,Salalah,OM,17.02,54.09,78.8,61,0,5.82,clear sky
347,Mecca,SA,21.43,39.83,77.83,63,0,3.29,clear sky
348,Lavrentiya,RU,65.58,-171.0,22.03,85,100,7.36,overcast clouds
349,Ozark,US,37.02,-93.21,62.01,60,13,4.47,few clouds
350,Tougue,GN,11.47,-11.6,69.69,47,1,1.72,clear sky
351,Kupang,ID,-10.17,123.58,80.02,78,85,7.18,overcast clouds
352,Fortuna,US,40.6,-124.16,63.0,62,1,13.87,clear sky
353,Caravelas,BR,-17.71,-39.25,78.87,72,98,10.09,overcast clouds
354,Hoima,UG,1.44,31.34,62.87,96,68,1.9,broken clouds
355,Palafrugell,ES,41.92,3.16,57.0,93,20,2.24,few clouds
356,Qaqortoq,GL,60.72,-46.03,26.6,73,40,2.24,scattered clouds
357,Guadalupe Victoria,MX,32.29,-115.11,91.0,11,75,4.7,broken clouds
358,Constitucion,CL,-35.33,-72.42,66.79,54,0,8.93,clear sky
359,Molepolole,BW,-24.41,25.5,80.6,19,0,6.93,clear sky
360,Teresopolis,BR,-22.41,-42.97,69.01,88,100,1.01,heavy intensity rain
361,Bilma,NE,18.69,12.92,76.14,19,0,7.54,clear sky
362,Richards Bay,ZA,-28.78,32.04,69.4,82,95,16.44,overcast clouds
363,Sivaki,RU,52.63,126.75,25.92,97,100,4.32,overcast clouds
364,Spanish Fork,US,40.12,-111.65,66.0,49,1,5.82,clear sky
365,San Luis,AR,-33.3,-66.34,74.64,21,33,4.21,scattered clouds
366,Guerrero Negro,MX,27.98,-114.06,81.81,24,10,7.63,clear sky
367,Grand Island,US,40.92,-98.34,68.0,30,1,5.82,clear sky
368,San-Pedro,CI,4.75,-6.64,77.88,89,55,6.26,broken clouds
369,La Ronge,CA,55.1,-105.28,24.8,73,100,17.22,overcast clouds
370,Te Anau,NZ,-45.42,167.72,53.49,93,100,0.16,moderate rain
371,Kolda,SN,12.88,-14.95,82.78,34,74,3.0,broken clouds
372,Hambantota,LK,6.12,81.12,79.09,80,100,9.84,overcast clouds
373,Rincon,US,32.3,-81.24,75.2,44,1,10.29,clear sky
374,Calbiga,PH,11.62,125.02,75.09,91,100,4.27,overcast clouds
375,Amga,RU,60.9,131.96,-1.91,91,95,2.1,overcast clouds
376,Galveston,US,29.37,-94.97,66.99,59,1,4.7,clear sky
377,Halifax,CA,44.65,-63.57,37.99,51,90,13.87,light rain
378,Inhambane,MZ,-23.86,35.38,75.2,83,40,5.82,scattered clouds
379,Bad Langensalza,DE,51.1,10.65,55.4,82,75,18.34,broken clouds
380,Turinsk,RU,58.05,63.7,29.93,97,70,7.83,broken clouds
381,Carutapera,BR,-1.2,-46.02,83.05,68,98,8.03,overcast clouds
382,Shellbrook,CA,53.22,-106.4,28.4,86,90,24.16,overcast clouds
383,Prince Rupert,CA,54.32,-130.32,46.4,70,1,0.85,clear sky
384,Brunswick,US,41.24,-81.84,42.01,60,90,18.34,overcast clouds
385,Saint-Pierre,RE,-21.34,55.48,64.4,82,0,12.75,light rain
386,Aswan,EG,24.09,32.91,80.87,25,0,7.7,clear sky
387,Kavaratti,IN,10.57,72.64,82.15,76,80,9.91,broken clouds
388,Bosaso,SO,11.28,49.18,81.39,71,78,3.91,broken clouds
389,Hasaki,JP,35.73,140.83,41.0,86,0,3.36,clear sky
390,Naze,JP,28.37,129.48,71.6,68,20,19.46,few clouds
391,Molo,KE,-0.25,35.74,53.01,90,95,5.19,overcast clouds
392,Monte Patria,CL,-30.69,-70.95,82.17,24,0,9.35,clear sky
393,Lagoa,PT,39.05,-27.98,68.88,90,100,25.52,light rain
394,Ketchikan,US,55.34,-131.65,46.4,75,40,3.36,scattered clouds
395,Orocue,CO,4.79,-71.34,91.4,56,8,7.36,clear sky
396,Longyearbyen,SJ,78.22,15.64,17.6,72,0,4.7,clear sky
397,Mankapur,IN,27.03,82.23,71.67,47,0,6.2,clear sky
398,Bardiyah,LY,31.76,25.09,68.38,71,22,9.42,few clouds
399,Sept-Iles,CA,50.2,-66.38,36.0,47,66,10.29,broken clouds
400,Crib Point,AU,-38.35,145.2,55.99,95,17,11.18,few clouds
401,Minab,IR,27.15,57.08,69.8,68,0,9.17,clear sky
402,Wanning,CN,18.8,110.4,75.94,88,74,14.38,broken clouds
403,Resavica,RS,44.04,21.58,46.99,7,97,1.99,overcast clouds
404,Sulangan,PH,11.14,123.72,83.61,78,100,18.72,overcast clouds
405,Healesville,AU,-37.65,145.52,55.99,99,95,1.83,overcast clouds
406,Kayerkan,RU,69.35,87.76,12.2,78,100,24.61,overcast clouds
407,Cherskiy,RU,68.75,161.3,4.82,91,100,5.26,overcast clouds
408,Bereda,ES,43.27,-7.54,50.0,98,0,5.01,clear sky
409,Ust-Tsilma,RU,65.44,52.15,41.11,87,100,7.23,light rain
410,Yanam,IN,16.73,82.22,73.08,72,96,1.9,overcast clouds
411,Tucuma,BR,-0.18,-50.05,85.53,61,3,11.41,clear sky
412,Shar,KZ,49.59,81.05,37.18,78,100,3.4,overcast clouds
413,Novoagansk,RU,61.94,76.66,32.74,97,100,7.76,overcast clouds
414,Elko,US,41.0,-115.5,66.0,22,1,4.7,clear sky
415,Grao Mogol,BR,-16.56,-42.89,74.17,87,100,3.8,moderate rain
416,Yerbogachen,RU,61.28,108.01,11.77,95,100,6.67,light snow
417,Hibbing,US,47.43,-92.94,37.4,69,90,9.17,overcast clouds
418,Aykhal,RU,66.0,111.5,-7.24,89,3,3.31,clear sky
419,Samarai,PG,-10.62,150.67,79.97,82,92,7.99,light rain
420,Whitianga,NZ,-36.83,175.7,66.99,87,100,5.99,overcast clouds
421,Butwal,NP,27.7,83.45,70.79,46,0,5.03,clear sky
422,Leshukonskoye,RU,64.9,45.76,34.39,91,91,7.16,overcast clouds
423,Big Rapids,US,43.7,-85.48,37.4,51,90,5.82,overcast clouds
424,Sovetskiy,RU,61.36,63.58,32.43,97,92,8.39,overcast clouds
425,Soe,ID,-9.86,124.28,66.74,89,59,2.24,broken clouds
426,Kavieng,PG,-2.57,150.8,81.59,77,92,7.9,moderate rain
427,Mayo,US,38.89,-76.51,52.0,76,90,13.87,overcast clouds
428,Doembang Nangbuat,TH,14.83,100.1,80.01,91,99,3.11,light rain
429,Cockburn Town,TC,21.46,-71.14,86.0,70,75,13.87,broken clouds
430,Tabas,IR,33.6,56.92,60.8,23,0,4.7,clear sky
431,Bankura,IN,23.25,87.07,74.43,58,42,8.61,scattered clouds
432,Ossora,RU,59.24,163.07,30.4,92,0,1.39,clear sky
433,Karatuzskoye,RU,53.61,92.87,31.48,98,100,15.46,overcast clouds
434,Osterburg,DE,52.78,11.77,57.99,87,100,4.0,light rain
435,Uruguaiana,BR,-29.75,-57.09,71.6,35,75,11.41,light rain
436,Gat,IL,31.61,34.76,75.99,100,73,4.9,broken clouds
437,Ahuimanu,US,21.44,-157.84,84.2,48,40,3.36,scattered clouds
438,San Quintin,MX,30.48,-115.95,74.48,39,100,9.35,overcast clouds
439,Quatre Cocos,MU,-20.21,57.76,68.0,64,40,11.41,scattered clouds
440,Havelock,US,34.88,-76.9,66.99,52,75,24.16,broken clouds
441,General Pico,AR,-35.66,-63.76,71.62,28,0,9.62,clear sky
442,Gawler,AU,-34.6,138.73,57.0,75,48,1.99,scattered clouds
443,Pacific Grove,US,36.62,-121.92,71.01,67,1,4.7,clear sky
444,Luau,AO,-10.71,22.22,67.05,87,99,0.89,overcast clouds
445,Ullapool,GB,57.9,-5.16,46.99,70,0,5.01,clear sky
446,Katsuura,JP,35.13,140.3,55.4,50,0,13.87,clear sky
447,Ampanihy,MG,-24.7,44.75,75.61,43,0,9.71,clear sky
448,Ponta Delgada,PT,37.73,-25.67,69.8,88,75,17.22,broken clouds
449,Liku,ID,-0.73,119.89,74.62,78,79,2.44,broken clouds
450,Monticello,US,45.31,-93.79,44.01,45,40,8.79,scattered clouds
451,Qeshm,IR,26.96,56.27,71.6,68,0,9.17,clear sky
452,Rio Branco Do Sul,BR,-25.19,-49.31,53.6,93,90,17.22,overcast clouds
453,Wenatchee,US,47.42,-120.31,62.01,38,1,27.51,clear sky
454,Vangaindrano,MG,-23.35,47.6,67.66,80,65,5.86,light rain
455,Kununurra,AU,-15.77,128.73,80.6,83,80,9.17,broken clouds
456,Catalao,BR,-18.17,-47.95,79.38,73,80,3.94,light rain
457,Oistins,BB,13.07,-59.53,82.4,78,40,18.34,scattered clouds
458,Muros,ES,42.78,-9.06,62.01,83,39,10.0,scattered clouds
459,Dano,BF,11.15,-3.07,84.49,26,0,5.91,clear sky
460,Sigli,ID,5.38,95.96,78.84,75,69,4.0,broken clouds
461,Campbell River,CA,50.02,-125.24,53.6,54,40,14.99,scattered clouds
462,Najran,SA,17.49,44.13,68.0,34,0,0.18,clear sky
463,Whitehorse,CA,60.72,-135.05,27.0,86,75,4.7,broken clouds
464,Chernyanka,RU,50.94,37.81,48.69,96,100,6.06,overcast clouds
465,Mutoko,ZW,-17.4,32.23,73.15,39,0,9.19,clear sky
466,Half Moon Bay,US,37.46,-122.43,70.0,63,5,3.36,clear sky
467,Ouahigouya,BF,13.58,-2.42,85.91,17,0,6.35,clear sky
468,Anito,PH,12.45,125.29,80.37,82,100,11.23,overcast clouds
469,Aktau,KZ,43.65,51.2,44.6,42,0,11.18,clear sky
470,Egvekinot,RU,66.32,-179.17,12.96,84,47,8.28,scattered clouds
471,Jardim,BR,-21.48,-56.14,82.71,53,28,9.93,scattered clouds
472,Posse,BR,-14.09,-46.37,79.52,66,99,4.97,light rain
473,Axim,GH,4.87,-2.24,78.69,84,91,4.21,overcast clouds
474,Nagato,JP,34.38,131.2,57.2,47,20,18.34,few clouds
475,Batagay,RU,67.63,134.63,-3.59,91,100,2.42,overcast clouds
476,Tarpon Springs,US,28.15,-82.76,75.0,52,0,8.05,clear sky
477,Vilyuysk,RU,63.76,121.62,-12.77,89,32,1.95,scattered clouds
478,Puerto Escondido,MX,15.85,-97.07,86.0,66,75,3.36,broken clouds
479,San Jose,US,37.34,-121.89,73.0,49,90,4.7,haze
480,Kedrovyy,RU,56.17,91.82,28.4,86,75,8.95,light shower snow
481,San Rafael Del Sur,NI,11.85,-86.44,91.4,55,20,4.59,few clouds
482,Nenjiang,CN,49.18,125.22,33.44,86,100,9.01,overcast clouds
483,Monrovia,LR,6.3,-10.8,80.6,83,75,4.7,broken clouds
484,Sanming,CN,26.25,117.62,59.18,84,17,2.44,few clouds
485,Port Macquarie,AU,-31.43,152.92,64.99,99,46,11.65,scattered clouds
486,Moyale,KE,3.52,39.06,68.32,81,100,4.47,overcast clouds
487,Besikduzu,TR,41.05,39.23,66.2,72,75,4.7,broken clouds
488,Vanimo,PG,-2.67,141.3,78.26,77,100,5.84,light rain
489,Pali,IN,25.77,73.33,72.72,21,0,7.99,clear sky
490,Kaya,BF,13.09,-1.08,86.23,20,0,6.38,clear sky
491,Grand Gaube,MU,-20.01,57.66,66.99,61,0,11.99,clear sky
492,Moerai,PF,-22.43,-151.33,70.61,88,100,20.87,overcast clouds
493,Pathri,IN,19.25,76.45,70.66,71,5,1.25,clear sky
494,Port Hedland,AU,-20.32,118.57,73.4,60,6,4.7,clear sky
495,Strezhevoy,RU,60.73,77.59,33.8,100,90,6.71,light intensity drizzle
496,Cartagena Del Chaira,CO,1.33,-74.84,93.07,50,63,1.7,broken clouds
497,Meadow Lake,US,34.8,-106.54,63.0,41,20,8.05,few clouds
498,Ariquemes,BR,-9.91,-63.04,88.83,54,69,5.46,broken clouds
499,Tilichiki,RU,60.47,166.1,27.45,99,89,2.8,overcast clouds
500,Sao Joao Dos Patos,BR,-6.5,-43.7,93.06,34,55,2.86,broken clouds
501,Seredka,RU,58.16,28.19,46.4,93,75,4.47,broken clouds
502,Matadi,CD,-5.82,13.45,79.25,78,98,5.08,overcast clouds
503,Tancanhuitz,MX,21.6,-98.97,70.39,54,2,4.65,clear sky
504,Valparaiso,CL,-33.04,-71.63,59.0,76,20,6.93,few clouds
505,Buraydah,SA,26.33,43.98,69.8,26,0,8.75,clear sky
506,Abdanan,IR,32.99,47.42,56.34,38,0,2.95,clear sky
507,Shenzhen,CN,22.55,114.07,75.0,92,50,4.38,scattered clouds
508,Tanout,NE,14.97,8.89,83.23,15,0,10.69,clear sky
509,Maniitsoq,GL,65.42,-52.9,23.23,87,94,5.75,overcast clouds
510,Sawtell,AU,-30.38,153.1,68.0,88,38,5.82,scattered clouds
511,Kihei,US,20.79,-156.47,78.8,74,40,14.99,scattered clouds
512,Bone,DE,51.97,12.14,57.0,94,100,1.99,light rain
513,Zhigansk,RU,66.77,123.37,-15.54,89,36,1.34,scattered clouds
514,Kaeo,NZ,-35.1,173.78,66.0,93,53,10.0,broken clouds
515,Iskateley,RU,67.68,53.15,31.46,98,58,11.05,broken clouds
516,Tabou,CI,4.42,-7.35,78.01,90,90,7.31,overcast clouds
517,Honiara,SB,-9.43,159.95,73.4,100,40,3.36,scattered clouds
518,Breaza,RO,45.18,25.67,46.0,83,31,5.97,scattered clouds
519,Luxor,EG,25.7,32.64,82.4,34,0,2.68,clear sky
520,Byron Bay,AU,-28.65,153.62,73.4,78,76,9.17,broken clouds
521,Kedougou,SN,12.56,-12.17,80.78,28,0,2.73,clear sky
522,Paamiut,GL,61.99,-49.67,26.64,83,89,11.27,overcast clouds
523,Pochutla,MX,15.74,-96.47,86.0,70,40,8.05,scattered clouds
524,Ardesen,TR,41.19,40.99,60.8,82,20,8.05,few clouds
525,Karratha,AU,-20.74,116.85,72.86,67,0,5.28,clear sky
526,Ust-Nera,RU,64.57,143.2,-6.39,83,90,0.87,overcast clouds
527,Myaundzha,RU,63.05,147.19,8.38,93,100,2.59,light snow
528,Saquena,PE,-4.67,-73.52,75.7,96,100,5.93,moderate rain
529,Herat,AF,34.5,62.0,38.05,65,0,2.1,clear sky
530,Durango,MX,24.83,-104.83,69.33,27,13,7.16,few clouds
531,Riverton,US,40.52,-111.94,64.99,36,1,10.29,clear sky
532,Ambulu,ID,-8.35,113.61,76.21,90,91,1.95,light rain
533,Havoysund,NO,71.0,24.66,35.6,64,75,8.05,broken clouds
534,Mimongo,GA,-1.62,11.61,70.57,95,90,1.63,overcast clouds
535,Lubao,PH,14.92,120.55,77.0,88,40,4.7,scattered clouds
536,Qingdao,CN,36.1,120.37,44.6,87,0,2.24,clear sky
537,Qui Nhon,VN,13.77,109.23,77.29,88,7,9.4,light rain
538,Baglung,NP,28.27,83.59,61.0,30,1,7.25,clear sky
539,Pangnirtung,CA,66.15,-65.71,12.2,66,20,1.88,few clouds
540,Acandi,CO,8.51,-77.28,82.44,82,99,3.78,moderate rain
541,Yasothon,TH,15.75,104.13,72.99,92,0,10.02,clear sky
542,Mogadishu,SO,2.04,45.34,80.01,80,12,13.89,light rain
543,Lumsden,CA,50.65,-104.87,43.0,81,90,28.86,overcast clouds
544,Kot Addu,PK,30.47,70.97,64.4,82,0,4.85,mist
545,Sambava,MG,-14.27,50.17,71.73,79,14,13.82,few clouds
546,Kudat,MY,6.88,116.85,75.2,100,20,4.7,moderate rain
547,Hami,CN,42.8,93.45,31.96,79,0,1.39,clear sky
548,Itupiranga,BR,-5.13,-49.33,84.2,79,100,3.36,overcast clouds
549,Hervey Bay,AU,-25.3,152.85,75.0,79,1,5.99,clear sky
550,Yanacancha,PE,-10.24,-76.65,75.2,57,90,17.22,moderate rain
551,Stolin,BY,51.89,26.85,43.39,89,42,5.73,scattered clouds
552,Kirkwood,US,38.58,-90.41,55.99,43,1,0.94,clear sky
553,Mineral Wells,US,32.81,-98.11,68.0,34,1,4.7,clear sky
554,Avera,US,33.19,-82.53,71.6,46,1,9.17,clear sky
555,Marsabit,KE,2.33,37.99,68.81,75,96,17.31,overcast clouds
556,Toora-Khem,RU,52.47,96.11,22.95,90,100,3.15,overcast clouds
557,Mayskiy,RU,47.69,40.1,57.2,87,40,4.47,scattered clouds
558,Mercedes,AR,-34.65,-59.43,69.01,32,97,1.99,overcast clouds
559,Pallasovka,RU,50.05,46.88,50.0,48,100,9.51,overcast clouds
560,Hadrut,AZ,39.52,47.03,67.5,34,2,4.34,clear sky
561,Yantal,RU,56.85,105.25,20.23,92,100,3.02,overcast clouds
562,Prainha,BR,-1.8,-53.48,93.69,40,62,5.86,light rain
